{"cameraMode":{"drawMode":0,"name":"Shaded","section":"Shading Mode"},"sceneLighting":true,"audioPlay":false,"sceneViewState":{"m_AlwaysRefresh":false,"showFog":true,"showSkybox":true,"showFlares":true,"showImageEffects":true,"showParticleSystems":true,"showVisualEffectGraphs":true,"m_FxEnabled":true},"in2DMode":false,"pivot":{"x":0.9590814113616943,"y":-3.4315223693847658,"z":1.4905682802200318},"rotation":{"x":0.3670620918273926,"y":0.06409577280282974,"z":-0.02536601386964321,"w":0.9275813102722168},"size":3.395383596420288,"orthographic":false}