{"cameraMode":{"drawMode":0,"name":"Shaded","section":"Shading Mode"},"sceneLighting":false,"audioPlay":false,"sceneViewState":{"m_AlwaysRefresh":false,"showFog":true,"showSkybox":false,"showFlares":true,"showImageEffects":true,"showParticleSystems":true,"showVisualEffectGraphs":true,"m_FxEnabled":true},"in2DMode":false,"pivot":{"x":6.173076629638672,"y":0.04309425503015518,"z":0.40213799476623537},"rotation":{"x":0.11136500537395477,"y":0.21435825526714326,"z":-0.0246272012591362,"w":0.970015287399292},"size":3.198249101638794,"orthographic":false}